source,title,link,published,index,cluster
Vedomosti,–õ–∞–≤—Ä–æ–≤ —É—Å–æ–º–Ω–∏–ª—Å—è –≤ –≤–µ—Ä—Å–∏–∏ –ü–æ–ª—å—à–∏ –æ–± –æ–±–Ω–∞—Ä—É–∂–µ–Ω–∏–∏ —Ä–æ—Å—Å–∏–π—Å–∫–∏—Ö –±–µ—Å–ø–∏–ª–æ—Ç–Ω–∏–∫–æ–≤,https://www.vedomosti.ru/politics/news/2025/09/27/1142512-lavrov-usomnilsya,"Sat, 27 Sep 2025 21:25:41 +0300",0,1
Vedomosti,–õ–∞–≤—Ä–æ–≤ –Ω–∞–∑–≤–∞–ª —Å–ª–µ–ø–æ—Ç–æ–π —Ä–∞—Å—á–µ—Ç –Ω–∞ –≤–æ–∑–≤—Ä–∞—â–µ–Ω–∏–µ –£–∫—Ä–∞–∏–Ω—ã –∫ –≥—Ä–∞–Ω–∏—Ü–∞–º 2022 –≥–æ–¥–∞,https://www.vedomosti.ru/politics/news/2025/09/27/1142511-lavrov-nazval-slepotoi,"Sat, 27 Sep 2025 21:16:18 +0300",1,4
Vedomosti,–õ–∞–≤—Ä–æ–≤: –≤ –ï–° –∏ –ù–ê–¢–û –≤—Å–µ—Ä—å–µ–∑ —Ä–∞—Å—Å—É–∂–¥–∞—é—Ç –æ —Å—Ü–µ–Ω–∞—Ä–∏–∏ —Ç—Ä–µ—Ç—å–µ–π –º–∏—Ä–æ–≤–æ–π –≤–æ–π–Ω—ã,https://www.vedomosti.ru/politics/news/2025/09/27/1142510-es-nato-rassuzhdayut,"Sat, 27 Sep 2025 20:47:08 +0300",2,2
Vedomosti,–õ–∞–≤—Ä–æ–≤: —É –†–æ—Å—Å–∏–∏ –Ω–µ—Ç –ø–ª–∞–Ω–æ–≤ –Ω–∞–ø–∞–¥–∞—Ç—å –Ω–∞ —Å—Ç—Ä–∞–Ω—ã –ù–ê–¢–û,https://www.vedomosti.ru/politics/news/2025/09/27/1142509-net-planov-napadat,"Sat, 27 Sep 2025 20:32:22 +0300",3,2
Vedomosti,–ê—Ä–º–∏—è –ò–∑—Ä–∞–∏–ª—è –∫–æ–Ω—Ç—Ä–æ–ª–∏—Ä—É–µ—Ç –ø–æ–ª–æ–≤–∏–Ω—É –≥–æ—Ä–æ–¥–∞ –ì–∞–∑–∞,https://www.vedomosti.ru/politics/news/2025/09/27/1142506-armiya-izrailya-kontroliruet,"Sat, 27 Sep 2025 19:56:32 +0300",4,2
Vedomosti,–ü–µ–∑–µ—à–∫–∏–∞–Ω: –ò—Ä–∞–Ω –∏ ¬´–µ–≤—Ä–æ—Ç—Ä–æ–π–∫–∞¬ª –±—ã–ª–∏ –±–ª–∏–∑–∫–∏ –∫ —Å–æ–≥–ª–∞—à–µ–Ω–∏—é –ø–æ —è–¥–µ—Ä–Ω–æ–º—É –¥–æ—Å—å–µ,https://www.vedomosti.ru/politics/news/2025/09/27/1142504-iran-evrotroika-bili-blizki,"Sat, 27 Sep 2025 19:35:03 +0300",5,4
Vedomosti,–õ–∞–≤—Ä–æ–≤ –∏ –≥–ª–∞–≤–∞ –ú–ò–î –ù–∏–∫–∞—Ä–∞–≥—É–∞ –æ–±—Å—É–¥–∏–ª–∏ –Ω–∞—Ä–∞—â–∏–≤–∞–Ω–∏–µ –¥–≤—É—Å—Ç–æ—Ä–æ–Ω–Ω–∏—Ö –æ—Ç–Ω–æ—à–µ–Ω–∏–π,https://www.vedomosti.ru/politics/news/2025/09/27/1142503-naraschivanie-dvustoronnih-otnoshenii,"Sat, 27 Sep 2025 19:04:41 +0300",6,1
Vedomosti,–£–º–µ—Ä –∞–∫—Ç–µ—Ä –∏–∑ ¬´–ú–µ–Ω—Ç–æ–≤—Å–∫–∏—Ö –≤–æ–π–Ω¬ª –ê–ª–µ–∫—Å–∞–Ω–¥—Ä –ò–æ–≤–ª–µ–≤,https://www.vedomosti.ru/society/news/2025/09/27/1142502-umer-akter-iovlev,"Sat, 27 Sep 2025 18:46:59 +0300",7,1
Vedomosti,–ó–µ–ª–µ–Ω—Å–∫–∏–π: –£–∫—Ä–∞–∏–Ω–∞ —É–∂–µ –º–µ—Å—è—Ü –∏—Å–ø–æ–ª—å–∑—É–µ—Ç –∏–∑—Ä–∞–∏–ª—å—Å–∫—É—é —Å–∏—Å—Ç–µ–º—É Patriot,https://www.vedomosti.ru/politics/news/2025/09/27/1142501-ukraina-ispolzuet,"Sat, 27 Sep 2025 18:14:15 +0300",8,1
Vedomosti,–ê—ç—Ä–æ–ø–æ—Ä—Ç –≤ –ë–µ—Ä–ª–∏–Ω–µ –Ω–µ —Å–º–æ–≥ –ø–æ–ª–Ω–æ—Å—Ç—å—é –≤–æ—Å—Å—Ç–∞–Ω–æ–≤–∏—Ç—å —Ä–∞–±–æ—Ç—É –ø–æ—Å–ª–µ –∫–∏–±–µ—Ä–∞—Ç–∞–∫–∏,https://www.vedomosti.ru/business/news/2025/09/27/1142500-aeroport-v-berline,"Sat, 27 Sep 2025 18:04:06 +0300",9,4
Vedomosti,–†–æ—Å–ø–æ—Ç—Ä–µ–±–Ω–∞–¥–∑–æ—Ä –æ–±—Ä–∞—Ç–∏–ª—Å—è –∫ –¢—É—Ä—Ü–∏–∏ –∏–∑-–∑–∞ –¥–∞–Ω–Ω—ã—Ö –æ–± –æ—Ç—Ä–∞–≤–ª–µ–Ω–∏–∏ —Ä–æ—Å—Å–∏—è–Ω –≤ –ö–µ–º–µ—Ä–µ,https://www.vedomosti.ru/society/news/2025/09/27/1142498-rospotrebnadzor-obratilsya,"Sat, 27 Sep 2025 17:51:57 +0300",10,1
Vedomosti,–≠—Ä–¥–æ–≥–∞–Ω –æ–±–≤–∏–Ω–∏–ª ¬´–±–∞—Ä–æ–Ω–æ–≤ –≤–æ–π–Ω—ã¬ª –≤ —ç—Å–∫–∞–ª–∞—Ü–∏–∏ –Ω–∞ –£–∫—Ä–∞–∏–Ω–µ,https://www.vedomosti.ru/politics/news/2025/09/27/1142497-erdogan-obvinil,"Sat, 27 Sep 2025 17:37:51 +0300",11,2
Vedomosti,Xzibit –≤ –¥–µ–∫–∞–±—Ä–µ –≤—ã—Å—Ç—É–ø–∏—Ç –≤ –ú–æ—Å–∫–≤–µ –∏ –°–∞–Ω–∫—Ç-–ü–µ—Ç–µ—Ä–±—É—Ä–≥–µ,https://www.vedomosti.ru/society/news/2025/09/27/1142496-xzibit-vistupit,"Sat, 27 Sep 2025 17:20:32 +0300",12,1
Vedomosti,–ó–µ–ª–µ–Ω—Å–∫–∏–π –ø—Ä–∏–≥—Ä–æ–∑–∏–ª –ú–æ—Å–∫–≤–µ –æ—Ç–≤–µ—Ç–Ω—ã–º–∏ –±–ª—ç–∫–∞—É—Ç–∞–º–∏,https://www.vedomosti.ru/politics/news/2025/09/27/1142495-zelenskii-prigrozil,"Sat, 27 Sep 2025 17:01:38 +0300",13,0
Vedomosti,–ü–µ–∑–µ—à–∫–∏–∞–Ω: –°–®–ê —Ç—Ä–µ–±–æ–≤–∞–ª–∏ –ø–µ—Ä–µ–¥–∞—Ç—å –æ–±–æ–≥–∞—â–µ–Ω–Ω—ã–π —É—Ä–∞–Ω –≤ –æ–±–º–µ–Ω –Ω–∞ –æ—Ç—Å—Ä–æ—á–∫—É —Å–∞–Ω–∫—Ü–∏–π,https://www.vedomosti.ru/politics/news/2025/09/27/1142494-ssha-trebovali-peredat,"Sat, 27 Sep 2025 16:49:50 +0300",14,1
Vedomosti,–ò—Ä–∞–Ω –ø—Ä–µ–¥–æ—Å—Ç–∞–≤–∏–ª –†–æ—Å—Å–∏–∏ —Ç–µ—Ä—Ä–∏—Ç–æ—Ä–∏—é –¥–ª—è —Å—Ç—Ä–æ–∏—Ç–µ–ª—å—Å—Ç–≤–∞ —É—á–∞—Å—Ç–∫–∞ –∫–æ—Ä–∏–¥–æ—Ä–∞ –°–µ–≤–µ—Ä ‚Äì –Æ–≥,https://www.vedomosti.ru/business/news/2025/09/27/1142490-iran-predostavil,"Sat, 27 Sep 2025 16:18:59 +0300",15,1
Vedomosti,Yle: –ï–° –Ω–µ –≤–∫–ª—é—á–∏–ª –Ω–∏–∫–µ–ª—å –≤ –ø–∞–∫–µ—Ç—ã —Å–∞–Ω–∫—Ü–∏–π –∏–∑-–∑–∞ –ø–æ—Ç—Ä–µ–±–Ω–æ—Å—Ç–∏ –≤ —Å—ã—Ä—å–µ –¥–ª—è –æ–±–æ—Ä–æ–Ω—ã,https://www.vedomosti.ru/politics/news/2025/09/27/1142488-es-ne-vklyuchil-nikel,"Sat, 27 Sep 2025 15:52:26 +0300",16,4
Vedomosti,–°—É–¥ –∞—Ä–µ—Å—Ç–æ–≤–∞–ª –¥–≤—É—Ö —Ñ–∏–≥—É—Ä–∞–Ω—Ç–æ–≤ –¥–µ–ª–∞ –æ–± –æ—Ç—Ä–∞–≤–ª–µ–Ω–∏–∏ –º–µ—Ç–∞–Ω–æ–ª–æ–º –≤ –õ–µ–Ω–æ–±–ª–∞—Å—Ç–∏,https://www.vedomosti.ru/society/news/2025/09/27/1142486-sud-arestoval,"Sat, 27 Sep 2025 15:34:14 +0300",17,1
Vedomosti,Shaman –Ω–∞–∑–≤–∞–ª –ø–∞—Ä—Ç–∏—é ¬´–ú—ã¬ª –Ω–µ —à—É—Ç–∫–æ–π,https://www.vedomosti.ru/politics/news/2025/09/27/1142487-shaman-nazval,"Sat, 27 Sep 2025 15:30:48 +0300",18,1
Vedomosti,–£ —ç–∫—Å-–º—ç—Ä–∞ –í–ª–∞–¥–∏–≤–æ—Å—Ç–æ–∫–∞ –∏ –¥—Ä—É–≥–∏—Ö –¥–æ–ª–∂–Ω–∏–∫–æ–≤ –∏–∑—ä—è–ª–∏ 700 –æ–±—ä–µ–∫—Ç–æ–≤ –Ω–µ–¥–≤–∏–∂–∏–º–æ—Å—Ç–∏,https://www.vedomosti.ru/society/news/2025/09/27/1142485-eks-mera-vladivostoka-izyali,"Sat, 27 Sep 2025 15:11:31 +0300",19,1
Kommersant,–í —Ä–µ–∑—É–ª—å—Ç–∞—Ç–µ —Ä–∞–∫–µ—Ç–Ω–æ–≥–æ —É–¥–∞—Ä–∞ –ø–æ –ë–µ–ª–≥–æ—Ä–æ–¥—É –ø–æ—Å—Ç—Ä–∞–¥–∞–ª–∏ —Ç—Ä–∏ —á–µ–ª–æ–≤–µ–∫–∞,https://www.kommersant.ru/doc/8077350,"Sat, 27 Sep 2025 21:32:51 +0300",20,4
Kommersant,–õ–∞–≤—Ä–æ–≤ –ø—Ä–æ–∫–æ–º–º–µ–Ω—Ç–∏—Ä–æ–≤–∞–ª —Å—Ä–∞–≤–Ω–µ–Ω–∏–µ –†–æ—Å—Å–∏–∏ —Å ¬´–±—É–º–∞–∂–Ω—ã–º —Ç–∏–≥—Ä–æ–º¬ª,https://www.kommersant.ru/doc/8077344,"Sat, 27 Sep 2025 21:19:32 +0300",21,0
Kommersant,–õ–∞–≤—Ä–æ–≤: –†–æ—Å—Å–∏—è –≤–µ—Ä–∏—Ç –≤ –∂–µ–ª–∞–Ω–∏–µ –°–®–ê –∑–∞–≤–µ—Ä—à–∏—Ç—å –∫–æ–Ω—Ñ–ª–∏–∫—Ç –Ω–∞ –£–∫—Ä–∞–∏–Ω–µ,https://www.kommersant.ru/doc/8077348,"Sat, 27 Sep 2025 21:07:26 +0300",22,2
Kommersant,Spiegel: –≤ –§–†–ì –≤–æ–∑–Ω–∏–∫–ª–∏ —Ç—Ä—É–¥–Ω–æ—Å—Ç–∏ —Å –æ—Å–Ω–∞—â–µ–Ω–∏–µ–º –∞—Ä–º–∏–∏ —Ü–∏—Ñ—Ä–æ–≤–æ–π —Ä–∞–¥–∏–æ—Å–≤—è–∑—å—é,https://www.kommersant.ru/doc/8077339,"Sat, 27 Sep 2025 20:58:27 +0300",23,3
Kommersant,–†–æ—Å—Å–∏—è –∏ –°–®–ê –ø—Ä–æ–≤–µ–¥—É—Ç –æ—Å–µ–Ω—å—é —Ç—Ä–µ—Ç–∏–π —Ä–∞—É–Ω–¥ –ø–µ—Ä–µ–≥–æ–≤–æ—Ä–æ–≤,https://www.kommersant.ru/doc/8077346,"Sat, 27 Sep 2025 20:44:02 +0300",24,2
Kommersant,–ì–ª–∞–≤–∞ –ë—É—Ä—è—Ç–∏–∏ –¥–æ–ø—É—Å—Ç–∏–ª –≤–æ–∑–æ–±–Ω–æ–≤–ª–µ–Ω–∏–µ –ø—Ä–æ–º—ã—à–ª–µ–Ω–Ω–æ–≥–æ –≤—ã–ª–æ–≤–∞ –æ–º—É–ª—è,https://www.kommersant.ru/doc/8077333,"Sat, 27 Sep 2025 20:42:35 +0300",25,1
Kommersant,–õ–∞–≤—Ä–æ–≤: –†–æ—Å—Å–∏—è –Ω–µ –≤–∏–¥–∏—Ç –∏–∑–º–µ–Ω–µ–Ω–∏–π –≤ –ø–æ–¥—Ö–æ–¥–µ –°–®–ê –∫ –ø–µ—Ä–µ–≥–æ–≤–æ—Ä–∞–º,https://www.kommersant.ru/doc/8077343,"Sat, 27 Sep 2025 20:36:01 +0300",26,2
Kommersant,–ë–µ–ª–≥–æ—Ä–æ–¥ –ø–æ–¥–≤–µ—Ä–≥—Å—è —Ä–∞–∫–µ—Ç–Ω–æ–º—É –æ–±—Å—Ç—Ä–µ–ª—É,https://www.kommersant.ru/doc/8077342,"Sat, 27 Sep 2025 20:28:01 +0300",27,4
Kommersant,–õ–∞–≤—Ä–æ–≤ –Ω–∞–∑–≤–∞–ª —É—Å–ª–æ–≤–∏—è –ø–µ—Ä–µ–≥–æ–≤–æ—Ä–æ–≤ –æ –≥–∞—Ä–∞–Ω—Ç–∏—è—Ö –±–µ–∑–æ–ø–∞—Å–Ω–æ—Å—Ç–∏ –¥–ª—è –£–∫—Ä–∞–∏–Ω—ã,https://www.kommersant.ru/doc/8077337,"Sat, 27 Sep 2025 20:21:24 +0300",28,2
Kommersant,–ö–∏—Ä–∏–µ–Ω–∫–æ: –≤ –±—é–¥–∂–µ—Ç–µ –Ω–∞ –ø–æ–¥–¥–µ—Ä–∂–∫—É —Ä–æ–¥–∏—Ç–µ–ª—å—Å–∫–∏—Ö –∫–æ–º–∏—Ç–µ—Ç–æ–≤ –∑–∞–ª–æ–∂–µ–Ω 1 –º–ª—Ä–¥ —Ä—É–±–ª–µ–π,https://www.kommersant.ru/doc/8077325,"Sat, 27 Sep 2025 20:14:19 +0300",29,0
Kommersant,–õ–∞–≤—Ä–æ–≤: –†–æ—Å—Å–∏—è –Ω–µ –Ω–∞–Ω–æ—Å–∏—Ç –ø—Ä–∏—Ü–µ–ª—å–Ω—ã—Ö —É–¥–∞—Ä–æ–≤ –ø–æ —Å—Ç—Ä–∞–Ω–∞–º –ï–≤—Ä–æ–ø—ã,https://www.kommersant.ru/doc/8077334,"Sat, 27 Sep 2025 20:05:15 +0300",30,2
Kommersant,–õ–∞–≤—Ä–æ–≤: –†–æ—Å—Å–∏—è –Ω–µ –∞–≥–∏—Ç–∏—Ä—É–µ—Ç –∑–∞ —Ä–µ–≤–æ–ª—é—Ü–∏—é –ø—Ä–æ—Ç–∏–≤ –∫–æ–≥–æ –±—ã —Ç–æ –Ω–∏ –±—ã–ª–æ,https://www.kommersant.ru/doc/8077327,"Sat, 27 Sep 2025 19:52:54 +0300",31,2
Kommersant,–õ–∞–≤—Ä–æ–≤: –†–æ—Å—Å–∏—è –Ω–µ –ø–ª–∞–Ω–∏—Ä—É–µ—Ç –Ω–∞–ø–∞–¥–∞—Ç—å –Ω–∞ —Å—Ç—Ä–∞–Ω—ã –ù–ê–¢–û,https://www.kommersant.ru/doc/8077329,"Sat, 27 Sep 2025 19:48:46 +0300",32,2
Kommersant,–õ–∞–≤—Ä–æ–≤ –ø—Ä–∏–∑–≤–∞–ª –Ω–µ –¥–æ–ø—É—Å—Ç–∏—Ç—å ¬´–¥–≤–æ—Ä—Ü–æ–≤–æ–≥–æ –ø–µ—Ä–µ–≤–æ—Ä–æ—Ç–∞¬ª –≤ —Å–µ–∫—Ä–µ—Ç–∞—Ä–∏–∞—Ç–µ –û–û–ù,https://www.kommersant.ru/doc/8077326,"Sat, 27 Sep 2025 19:43:48 +0300",33,2
Kommersant,–õ–∞–≤—Ä–æ–≤: –†–æ—Å—Å–∏—è –ø—Ä–µ–¥–ª–∞–≥–∞–µ—Ç –°–®–ê –∏–∑–±–µ–∂–∞—Ç—å –≥–æ–Ω–∫–∏ –≤–æ–æ—Ä—É–∂–µ–Ω–∏–π,https://www.kommersant.ru/doc/8077324,"Sat, 27 Sep 2025 19:37:19 +0300",34,2
Kommersant,–õ–∞–≤—Ä–æ–≤ –Ω–∞–∑–≤–∞–ª ¬´—Å–∞–±–æ—Ç–∞–∂–µ–º¬ª –æ—Ç–∫–∞–∑ –°–æ–≤–±–µ–∑–∞ –û–û–ù –ø—Ä–æ–¥–ª–∏—Ç—å –∏—Ä–∞–Ω—Å–∫—É—é —Å–¥–µ–ª–∫—É,https://www.kommersant.ru/doc/8077323,"Sat, 27 Sep 2025 19:32:21 +0300",35,4
Kommersant,–õ–∞–≤—Ä–æ–≤ –æ—Å—É–¥–∏–ª —É–¥–∞—Ä—ã –ø–æ –ò—Ä–∞–Ω—É –∏ –ö–∞—Ç–∞—Ä—É,https://www.kommersant.ru/doc/8077322,"Sat, 27 Sep 2025 19:26:41 +0300",36,0
Kommersant,–õ–∞–≤—Ä–æ–≤: –¥–µ–π—Å—Ç–≤–∏—è –ò–∑—Ä–∞–∏–ª—è –≥—Ä–æ–∑—è—Ç –≤–∑–æ—Ä–≤–∞—Ç—å –≤–µ—Å—å –ë–ª–∏–∂–Ω–∏–π –í–æ—Å—Ç–æ–∫,https://www.kommersant.ru/doc/8077321,"Sat, 27 Sep 2025 19:26:10 +0300",37,1
Kommersant,–õ–∞–≤—Ä–æ–≤:¬†–†–æ—Å—Å–∏—è –ø–æ-–ø—Ä–µ–∂–Ω–µ–º—É –æ—Ç–∫—Ä—ã—Ç–∞ –∫ –ø–µ—Ä–µ–≥–æ–≤–æ—Ä–∞–º –ø–æ –£–∫—Ä–∞–∏–Ω–µ,https://www.kommersant.ru/doc/8077320,"Sat, 27 Sep 2025 19:24:45 +0300",38,1
Kommersant,–¢—Ä–∞–º–ø –ø–æ—Ä—É—á–∏–ª –Ω–∞–ø—Ä–∞–≤–∏—Ç—å –≤–æ–π—Å–∫–∞ –¥–ª—è –∑–∞—â–∏—Ç—ã –ü–æ—Ä—Ç–ª–µ–Ω–¥–∞ –æ—Ç –¥–≤–∏–∂–µ–Ω–∏—è ¬´–ê–Ω—Ç–∏—Ñ–∞¬ª,https://www.kommersant.ru/doc/8077317,"Sat, 27 Sep 2025 18:30:23 +0300",39,3
Interfax,"–ß–µ—Ç—ã—Ä–µ –≥–æ–ª–∞ –ì–ª—É—à–µ–Ω–∫–æ–≤–∞ –ø–æ–º–æ–≥–ª–∏ ""–ó–µ–Ω–∏—Ç—É"" —Ä–∞–∑–≥—Ä–æ–º–∏—Ç—å ""–û—Ä–µ–Ω–±—É—Ä–≥""",https://www.sport-interfax.ru/1049671,"Sat, 27 Sep 2025 21:37:00 +0300",40,4
Interfax,"–¢—Ä–∏ —á–µ–ª–æ–≤–µ–∫–∞, –≤–∫–ª—é—á–∞—è –ø–æ–¥—Ä–æ—Å—Ç–∫–∞, –ø–æ—Å—Ç—Ä–∞–¥–∞–ª–∏ –≤ —Ä–µ–∑—É–ª—å—Ç–∞—Ç–µ –æ–±—Å—Ç—Ä–µ–ª–∞ –ë–µ–ª–≥–æ—Ä–æ–¥–∞",https://www.interfax.ru/russia/1049670,"Sat, 27 Sep 2025 21:15:00 +0300",41,4
Interfax,"""–ö—Ä–∞—Å–Ω–æ–¥–∞—Ä"" —Å—ã–≥—Ä–∞–ª –≤–Ω–∏—á—å—é —Å ""–†–æ—Å—Ç–æ–≤–æ–º"" –≤ –º–∞—Ç—á–µ –†–ü–õ",https://www.sport-interfax.ru/1049669,"Sat, 27 Sep 2025 21:01:00 +0300",42,2
Interfax,–õ–∞–≤—Ä–æ–≤ —Å–æ–æ–±—â–∏–ª –æ –¥–æ–≥–æ–≤–æ—Ä–µ–Ω–Ω–æ—Å—Ç–∏ —Å –†—É–±–∏–æ –æ —Ç—Ä–µ—Ç—å–µ–º —Ä–∞—É–Ω–¥–µ –∫–æ–Ω—Å—É–ª—å—Ç–∞—Ü–∏–π –æ—Å–µ–Ω—å—é,https://www.interfax.ru/russia/1049668,"Sat, 27 Sep 2025 20:56:00 +0300",43,0
Interfax,–õ–∞–≤—Ä–æ–≤ –∑–∞—è–≤–∏–ª –æ —Å—Ç—Ä–µ–º–ª–µ–Ω–∏–∏ –ó–∞–ø–∞–¥–∞ —ç–∫–æ–Ω–æ–º–∏—á–µ—Å–∫–∏ —É–¥—É—à–∏—Ç—å –¢–µ–≥–µ—Ä–∞–Ω,https://www.interfax.ru/russia/1049667,"Sat, 27 Sep 2025 20:53:00 +0300",44,2
Interfax,"–ß—Ç–æ –ø—Ä–æ–∏–∑–æ—à–ª–æ –∑–∞ –¥–µ–Ω—å: —Å—É–±–±–æ—Ç–∞, 27 —Å–µ–Ω—Ç—è–±—Ä—è",https://www.interfax.ru/russia/1049665,"Sat, 27 Sep 2025 20:30:00 +0300",45,4
Interfax,–í –†–æ—Å—Å–∏–∏ –Ω–µ –≤–∏–¥—è—Ç –æ—Ç—Ö–æ–¥–∞ –°–®–ê –æ—Ç –∫—É—Ä—Å–∞ –Ω–∞ –≤–µ–¥–µ–Ω–∏–µ —á–µ—Å—Ç–Ω–æ–≥–æ –¥–∏–∞–ª–æ–≥–∞,https://www.interfax.ru/russia/1049666,"Sat, 27 Sep 2025 20:23:00 +0300",46,2
Interfax,"""–õ–∏–≤–µ—Ä–ø—É–ª—å"" –≤–ø–µ—Ä–≤—ã–µ –ø—Ä–æ–∏–≥—Ä–∞–ª –≤ —Å–µ–∑–æ–Ω–µ –≤ –ê–ü–õ",https://www.sport-interfax.ru/1049663,"Sat, 27 Sep 2025 19:41:00 +0300",47,1
Interfax,"""–ê—Ç–ª–µ—Ç–∏–∫–æ"" —Ä–∞–∑–≥—Ä–æ–º–∏–ª ""–†–µ–∞–ª"" –≤ —á–µ–º–ø–∏–æ–Ω–∞—Ç–µ –ò—Å–ø–∞–Ω–∏–∏ –ø–æ —Ñ—É—Ç–±–æ–ª—É",https://www.sport-interfax.ru/1049662,"Sat, 27 Sep 2025 19:33:00 +0300",48,2
Interfax,–ì–ª–∞–≤–∞ –ú–ò–î –†–§ –Ω–∞–∑–≤–∞–ª —Ä–µ–∞–ª–∏–∑–∞—Ü–∏—é –ø—Ä–µ–¥–ª–æ–∂–µ–Ω–∏—è –ø–æ –î–°–ù–í –≤–æ–∑–º–æ–∂–Ω–æ—Å—Ç—å—é –∏–∑–±–µ–∂–∞—Ç—å –≥–æ–Ω–∫–∏ –≤–æ–æ—Ä—É–∂–µ–Ω–∏–π,https://www.interfax.ru/russia/1049661,"Sat, 27 Sep 2025 19:27:00 +0300",49,3
Interfax,"–õ–∞–≤—Ä–æ–≤ –∑–∞—è–≤–∏–ª, —á—Ç–æ —É –ö–∏–µ–≤–∞ –∏ –µ–≤—Ä–æ–ø–µ–π—Ü–µ–≤ –Ω–µ –≤–∏–¥–Ω–æ –≥–æ—Ç–æ–≤–Ω–æ—Å—Ç–∏ –¥–æ–≥–æ–≤–∞—Ä–∏–≤–∞—Ç—å—Å—è –æ –º–∏—Ä–µ –ø–æ-—á–µ—Å—Ç–Ω–æ–º—É",https://www.interfax.ru/russia/1049660,"Sat, 27 Sep 2025 19:24:00 +0300",50,1
Interfax,–ú–∏–Ω–æ–±–æ—Ä–æ–Ω—ã –†–§ —Å–æ–æ–±—â–∏–ª–æ –æ –ø–æ—Ä–∞–∂–µ–Ω–∏–∏ —Å–µ–º–∏ –±–µ—Å–ø–∏–ª–æ—Ç–Ω–∏–∫–æ–≤ –í–°–£ –Ω–∞–¥ —Ç—Ä–µ–º—è —Ä–µ–≥–∏–æ–Ω–∞–º–∏,https://www.interfax.ru/russia/1049659,"Sat, 27 Sep 2025 18:58:00 +0300",51,3
Interfax,–ù–∞ –¶–≤–µ—Ç–Ω–æ–º –±—É–ª—å–≤–∞—Ä–µ –≤ –ú–æ—Å–∫–≤–µ –≤–æ—Å—Å—Ç–∞–Ω–æ–≤–∏–ª–∏ –¥–≤–∏–∂–µ–Ω–∏–µ –ø–æ—Å–ª–µ –¥–µ—Ç—Å–∫–æ–≥–æ –≤–µ–ª–æ—Ñ–µ—Å—Ç–∏–≤–∞–ª—è,https://www.interfax.ru/moscow/1049658,"Sat, 27 Sep 2025 18:53:00 +0300",52,3
Interfax,"–ö–∏—Ä–∏–µ–Ω–∫–æ –∑–∞—è–≤–∏–ª –æ –º–∏—Ä–æ–≤–æ–º –ª–∏–¥–µ—Ä—Å—Ç–≤–µ ""–†–æ—Å–∞—Ç–æ–º–∞"" –≤ –∞—Ç–æ–º–Ω–æ–π –æ—Ç—Ä–∞—Å–ª–∏",https://www.interfax.ru/business/1049657,"Sat, 27 Sep 2025 18:53:00 +0300",53,1
Interfax,"""–õ–æ–∫–æ–º–æ—Ç–∏–≤"" –≤—ã–∏–≥—Ä–∞–ª —É ""–†—É–±–∏–Ω–∞"" –∏ –≤—ã—à–µ–ª –Ω–∞ –ø–µ—Ä–≤–æ–µ –º–µ—Å—Ç–æ –≤ –†–ü–õ",https://www.sport-interfax.ru/1049656,"Sat, 27 Sep 2025 18:24:00 +0300",54,1
Interfax,–ü—Ä–µ–∑–∏–¥–µ–Ω—Ç –ò—Ä–∞–Ω–∞ –æ—Ç–≤–µ—Ä–≥ —Ç—Ä–µ–±–æ–≤–∞–Ω–∏—è –°–®–ê –≤—ã–¥–∞—Ç—å –æ–±–æ–≥–∞—â–µ–Ω–Ω—ã–π —É—Ä–∞–Ω –≤ –æ–±–º–µ–Ω –Ω–∞ —Ç—Ä–µ—Ö–º–µ—Å—è—á–Ω—É—é –æ—Ç—Å—Ä–æ—á–∫—É —Å–∞–Ω–∫—Ü–∏–π,https://www.interfax.ru/world/1049655,"Sat, 27 Sep 2025 17:49:00 +0300",55,0
Interfax,"""–ê–∫ –ë–∞—Ä—Å"" –ø—Ä–µ—Ä–≤–∞–ª –ø—è—Ç–∏–º–∞—Ç—á–µ–≤—É—é —Å–µ—Ä–∏—é –ø–æ–±–µ–¥ ""–ú–µ—Ç–∞–ª–ª—É—Ä–≥–∞"" –≤ –ö–•–õ",https://www.sport-interfax.ru/1049654,"Sat, 27 Sep 2025 17:47:00 +0300",56,4
Interfax,–†–æ—Å–ø–æ—Ç—Ä–µ–±–Ω–∞–¥–∑–æ—Ä –æ—Ç–ø—Ä–∞–≤–∏–ª –¢—É—Ä—Ü–∏–∏ –∑–∞–ø—Ä–æ—Å –≤ —Å–≤—è–∑–∏ —Å –º–∞—Å—Å–æ–≤—ã–º –æ—Ç—Ä–∞–≤–ª–µ–Ω–∏–µ–º –≤ –æ—Ç–µ–ª–µ,https://www.interfax.ru/russia/1049653,"Sat, 27 Sep 2025 16:27:00 +0300",57,2
Interfax,–°—Ö–æ–¥ —Å–µ–ª—è –≤ –≥–æ—Ä–∞—Ö –î–∞–≥–µ—Å—Ç–∞–Ω–∞ –æ—Å—Ç–∞–≤–∏–ª –±–µ–∑ —Ç—Ä–∞–Ω—Å–ø–æ—Ä—Ç–Ω–æ–≥–æ —Å–æ–æ–±—â–µ–Ω–∏—è 19 —Å–µ–ª,https://www.interfax.ru/russia/1049652,"Sat, 27 Sep 2025 16:02:00 +0300",58,0
TASS,–õ–∞–≤—Ä–æ–≤: –†–§ –∏ —Å—Ç—Ä–∞–Ω—ã –°–∞—Ö–µ–ª—è –ø–ª–∞–Ω–∏—Ä—É—é—Ç —Å–æ—Ç—Ä—É–¥–Ω–∏—á–∞—Ç—å –≤ —ç–Ω–µ—Ä–≥–µ—Ç–∏–∫–µ –∏ –≥—É–º–∞–Ω–∏—Ç–∞—Ä–Ω–æ–π —Å—Ñ–µ—Ä–µ,https://tass.ru/politika/25184433,"Sat, 27 Sep 2025 21:42:21 +0300",59,3
TASS,–õ–∞–≤—Ä–æ–≤: –§—Ä–∞–Ω—Ü–∏—è —Å–∏–º–ø–∞—Ç–∏–∑–∏—Ä—É–µ—Ç —Ç–µ—Ä—Ä–æ—Ä–∏—Å—Ç–∞–º –≤ –ú–∞–ª–∏ –∑–∞ —Å–±–ª–∏–∂–µ–Ω–∏–µ –ë–∞–º–∞–∫–æ —Å –ú–æ—Å–∫–≤–æ–π,https://tass.ru/politika/25184413,"Sat, 27 Sep 2025 21:41:27 +0300",60,1
TASS,Telegraph: –±—Ä–∏—Ç–∞–Ω—Å–∫–æ–≥–æ –ø–æ–ª–∏—Ç–∏–∫–∞ –∑–∞–¥–µ—Ä–∂–∞–ª–∏ –≤ –õ–æ–Ω–¥–æ–Ω–µ –ø–æ –≤–æ–∑–≤—Ä–∞—â–µ–Ω–∏–∏ –∏–∑ –ú–æ—Å–∫–≤—ã,https://tass.ru/mezhdunarodnaya-panorama/25184369,"Sat, 27 Sep 2025 21:40:15 +0300",61,2
TASS,–ê–¥–≤–æ–∫–∞—Ç–∞ –ù–∏–∫–∏—Ç–∏–Ω–∞ –∑–∞–¥–µ—Ä–∂–∞–ª–∏ –ø–æ –æ–±–≤–∏–Ω–µ–Ω–∏—é –≤ –ø–æ–∫—É—à–µ–Ω–∏–∏ –Ω–∞ –Ω–µ–∑–∞–∫–æ–Ω–Ω—ã–π —Å–±—ã—Ç –Ω–∞—Ä–∫–æ—Ç–∏–∫–æ–≤,https://tass.ru/proisshestviya/25184349,"Sat, 27 Sep 2025 21:37:51 +0300",62,0
TASS,–õ–∞–≤—Ä–æ–≤ —É–∫–∞–∑–∞–ª –Ω–∞ –Ω–µ–ª–æ–≥–∏—á–Ω—É—é —Å–º–µ–Ω—É –ø–æ–∑–∏—Ü–∏–∏ –£–∫—Ä–∞–∏–Ω—ã –ø–æ –ø–µ—Ä–µ–≥–æ–≤–æ—Ä–∞–º —Å –†–æ—Å—Å–∏–µ–π,https://tass.ru/politika/25184357,"Sat, 27 Sep 2025 21:37:04 +0300",63,1
TASS,–ü—Ä–∏ —É–¥–∞—Ä–µ –í–°–£ –ø–æ –°–µ–ª–∏–¥–æ–≤—É –≤ –î–ù–† –ø–æ–≥–∏–± –º–∏—Ä–Ω—ã–π –∂–∏—Ç–µ–ª—å,https://tass.ru/proisshestviya/25184309,"Sat, 27 Sep 2025 21:31:16 +0300",64,4
TASS,–í –¢—É–≤–µ –ª–µ–≥–∫–æ–≤–æ–π –∞–≤—Ç–æ–º–æ–±–∏–ª—å –≤—Ä–µ–∑–∞–ª—Å—è –≤ —Ç—Ä–∞–∫—Ç–æ—Ä,https://tass.ru/proisshestviya/25184235,"Sat, 27 Sep 2025 21:28:51 +0300",65,1
TASS,"–ü–æ–∫–µ—Ä –ì–ª—É—à–µ–Ω–∫–æ–≤–∞ –ø–æ–º–æ–≥ ""–ó–µ–Ω–∏—Ç—É"" —Ä–∞–∑–≥—Ä–æ–º–∏—Ç—å ""–û—Ä–µ–Ω–±—É—Ä–≥"" –≤ –º–∞—Ç—á–µ –†–ü–õ",https://tass.ru/sport/25184287,"Sat, 27 Sep 2025 21:28:25 +0300",66,4
TASS,–õ–∞–≤—Ä–æ–≤ —É–∫–∞–∑–∞–ª –Ω–∞ —Ä–∞—Å—Ö–æ–∂–¥–µ–Ω–∏–µ —Å–≤–µ–¥–µ–Ω–∏–π –≤ –≥–∞–∑–µ—Ç–∞—Ö –°–®–ê –æ –ø–µ—Ä–µ–≥–æ–≤–æ—Ä–∞—Ö –¢—Ä–∞–º–ø–∞ –∏ –ó–µ–ª–µ–Ω—Å–∫–æ–≥–æ,https://tass.ru/politika/25184223,"Sat, 27 Sep 2025 21:28:05 +0300",67,0
TASS,"–ú–û –†–§ –ø—Ä–µ–¥–ª–æ–∂–∏–ª–æ –∏–∑–º–µ–Ω–∏—Ç—å —Å–ø–∏—Å–æ–∫ –±–æ–ª–µ–∑–Ω–µ–π, –∑–∞–ø—Ä–µ—â–∞—é—â–∏—Ö –∑–∞–∫–ª—é—á–∞—Ç—å –∫–æ–Ω—Ç—Ä–∞–∫—Ç",https://tass.ru/armiya-i-opk/25184197,"Sat, 27 Sep 2025 21:25:47 +0300",68,3
TASS,–ú–ò–î –†–§: –µ–≤—Ä–æ–ø–µ–π—Å–∫–∏–µ –ø–æ–ø—ã—Ç–∫–∏ –≤–æ–∑–æ–±–Ω–æ–≤–∏—Ç—å —Å–∞–Ω–∫—Ü–∏–∏ –û–û–ù –ø—Ä–æ—Ç–∏–≤ –ò—Ä–∞–Ω–∞ –ø—Ä–æ–≤–∞–ª–∏–ª–∏—Å—å,https://tass.ru/politika/25184139,"Sat, 27 Sep 2025 21:24:01 +0300",69,3
TASS,–ë–∞–ª–∏—Ü–∫–∏–π: –Ω–∞ –ó–∞–ø–æ—Ä–æ–∂—å–µ –∏–∑-–∑–∞ –∞—Ç–∞–∫–∏ –í–°–£ –ø—Ä–æ–∏–∑–æ—à–ª–æ –æ—Ç–∫–ª—é—á–µ–Ω–∏–µ —ç–ª–µ–∫—Ç—Ä–∏—á–µ—Å—Ç–≤–∞,https://tass.ru/proisshestviya/25184081,"Sat, 27 Sep 2025 21:19:26 +0300",70,2
TASS,–ú–ò–î –†–§: —Å—Ç–æ—Ä–æ–Ω–Ω–∏–∫–∏ –¥–∞–≤–ª–µ–Ω–∏—è –Ω–∞ –ò—Ä–∞–Ω —Ö–æ—Ç—è—Ç –∏–∑–±–∞–≤–∏—Ç—å—Å—è –æ—Ç –≤–∏–Ω—ã –∑–∞ –∞—Ç–∞–∫–∏,https://tass.ru/politika/25184073,"Sat, 27 Sep 2025 21:17:56 +0300",71,3
TASS,Virtus.pro –Ω–µ –ø—Ä–∏–º–µ—Ç —É—á–∞—Å—Ç–∏—è –≤ —Ç—É—Ä–Ω–∏—Ä–µ –≤ –®–≤–µ—Ü–∏–∏ –∏–∑-–∑–∞ –ø—Ä–æ–±–ª–µ–º —Å–æ —Å—Ç—Ä–∞—Ö–æ–≤–∫–æ–π,https://tass.ru/sport/25184041,"Sat, 27 Sep 2025 21:13:30 +0300",72,1
TASS,–õ–∞–≤—Ä–æ–≤ –¥–∞–ª –æ–ø—Ä–µ–¥–µ–ª–µ–Ω–∏–µ –¥–∏–ø–ª–æ–º–∞—Ç–∏–∏,https://tass.ru/politika/25183985,"Sat, 27 Sep 2025 21:09:46 +0300",73,0
TASS,"–õ–∞–≤—Ä–æ–≤: –†–æ—Å—Å–∏—è –Ω–µ —Ö–æ—á–µ—Ç, —á—Ç–æ–±—ã –∫—É—Ä–¥—Å–∫–∞—è –ø—Ä–æ–±–ª–µ–º–∞ –≤–∑–æ—Ä–≤–∞–ª–∞—Å—å",https://tass.ru/politika/25183933,"Sat, 27 Sep 2025 21:07:35 +0300",74,1
TASS,–õ–∞–≤—Ä–æ–≤: —É–∫—Ä–∞–∏–Ω—Å–∫–∏–µ —Å–ø–µ—Ü–∏–∞–ª–∏—Å—Ç—ã –æ–±—É—á–∞—é—Ç –≥—Ä—É–ø–ø–∏—Ä–æ–≤–∫–∏ –≤ –ú–∞–ª–∏,https://tass.ru/politika/25183965,"Sat, 27 Sep 2025 21:07:18 +0300",75,1
TASS,–ü–æ—Å–æ–ª—å—Å—Ç–≤–æ –†–§ –≤ –ö–µ–Ω–∏–∏ –æ–ø—Ä–æ–≤–µ—Ä–≥–ª–æ –∏–Ω—Ñ–æ—Ä–º–∞—Ü–∏—é –æ–± –∞—Ä–µ—Å—Ç–µ —Ä–æ—Å—Å–∏—è–Ω–∏–Ω–∞ –≤ –ù–∞–π—Ä–æ–±–∏,https://tass.ru/mezhdunarodnaya-panorama/25183885,"Sat, 27 Sep 2025 21:07:15 +0300",76,3
TASS,–ù–ê–¢–û —É—Å–∏–ª–∏—Ç –Ω–∞–±–ª—é–¥–µ–Ω–∏–µ –≤ –ë–∞–ª—Ç–∏–π—Å–∫–æ–º –º–æ—Ä–µ –ø–æ—Å–ª–µ –∏–Ω—Ü–∏–¥–µ–Ω—Ç–æ–≤ —Å –ë–ü–õ–ê –≤ –î–∞–Ω–∏–∏,https://tass.ru/mezhdunarodnaya-panorama/25183905,"Sat, 27 Sep 2025 21:03:01 +0300",77,2
TASS,–û—Ñ–∏—Å –ë–µ—Ä–±–æ–∫ –æ–±—ä—è—Å–Ω–∏–ª –æ—Ç–∫–ª—é—á–µ–Ω–∏–µ –µ–µ –º–∏–∫—Ä–æ—Ñ–æ–Ω–∞ –Ω–∞ —Å–ª–æ–≤–∞—Ö –æ –†–æ—Å—Å–∏–∏,https://tass.ru/mezhdunarodnaya-panorama/25183847,"Sat, 27 Sep 2025 21:00:50 +0300",78,3
Lenta.ru,–õ–∞–≤—Ä–æ–≤ –æ—Ç–∫–∞–∑–∞–ª –∂—É—Ä–Ω–∞–ª–∏—Å—Ç—É –≤ –æ—Ç–≤–µ—Ç –Ω–∞ –ø—Ä–æ—Å—å–±—É –ø–µ—Ä–µ–π—Ç–∏ –Ω–∞ –∞–Ω–≥–ª–∏–π—Å–∫–∏–π,https://lenta.ru/news/2025/09/27/lavrov-otkazal-zhurnalistu-v-otvet-na-prosbu-pereyti-na-angliyskiy/,"Sat, 27 Sep 2025 21:42:55 +0300",79,0
Lenta.ru,–õ–∞–≤—Ä–æ–≤ —É–∫–∞–∑–∞–ª –Ω–∞ –ø–æ–º–æ—â—å –ö–∏–µ–≤—É –≤–æ –≤—Å–µ—Ö ¬´–ø–∞–∫–æ—Å—Ç—è—Ö¬ª –æ—Ç –õ–æ–Ω–¥–æ–Ω–∞,https://lenta.ru/news/2025/09/27/lavrov-ukazal-na-pomosch-kievu-vo-vseh-pakostyah-ot-londona/,"Sat, 27 Sep 2025 21:40:01 +0300",80,1
Lenta.ru,¬´–ó–µ–Ω–∏—Ç¬ª —Ä–∞–∑–≥—Ä–æ–º–∏–ª –∞—É—Ç—Å–∞–π–¥–µ—Ä–∞ –†–ü–õ,https://lenta.ru/news/2025/09/27/zenit-razgromil-autsaydera-rpl/,"Sat, 27 Sep 2025 21:37:46 +0300",81,2
Lenta.ru,–û—Ä–±–∞–Ω –ø–æ—Ç—Ä–µ–±–æ–≤–∞–ª –æ—Ç –ó–µ–ª–µ–Ω—Å–∫–æ–≥–æ –ø—Ä–µ–∫—Ä–∞—Ç–∏—Ç—å –¥–æ–Ω–∏–º–∞—Ç—å –í–µ–Ω–≥—Ä–∏—é,https://lenta.ru/news/2025/09/27/orban-potreboval-ot-zelenskogo-prekratit-donimat-vengriyu/,"Sat, 27 Sep 2025 21:37:00 +0300",82,4
Lenta.ru,–õ–∞–≤—Ä–æ–≤ –≤—Å–ø–æ–º–Ω–∏–ª –ª–µ–≥–µ–Ω–¥—É –æ –°—Ç–∞–ª–∏–Ω–µ –∏ –ø–µ—Ä–µ–º–µ—â–µ–Ω–∏–∏ —à—Ç–∞–±-–∫–≤–∞—Ä—Ç–∏—Ä—ã –û–û–ù,https://lenta.ru/news/2025/09/27/lavrov-vspomnil-legendu-o-staline-i-peremeschenii-shtab-kvartiry-oon/,"Sat, 27 Sep 2025 21:32:00 +0300",83,0
Lenta.ru,–ù–∞ –£–∫—Ä–∞–∏–Ω–µ –ø—Ä–∏–∑–Ω–∞–ª–∏ –ø—Ä–æ–±–ª–µ–º—ã —Å–æ —Å–Ω–∞–±–∂–µ–Ω–∏–µ–º –í–°–£ –≤ –ü–æ–∫—Ä–æ–≤—Å–∫–µ,https://lenta.ru/news/2025/09/27/na-ukraine-priznali-problemy-so-snabzheniem-vsu-v-pokrovske/,"Sat, 27 Sep 2025 21:28:23 +0300",84,4
Lenta.ru,–ù–æ—Ä–≤–µ–≥–∏—è –∏ –ù–∏–¥–µ—Ä–ª–∞–Ω–¥—ã —Å–æ–æ–±—â–∏–ª–∏ –æ –Ω–µ–∏–∑–≤–µ—Å—Ç–Ω—ã—Ö –¥—Ä–æ–Ω–∞—Ö,https://lenta.ru/news/2025/09/27/norvegiya-i-niderlandy-soobschili-o-neizvestnyh-dronah/,"Sat, 27 Sep 2025 21:28:00 +0300",85,0
Lenta.ru,–õ–∞–≤—Ä–æ–≤ —Ä–∞—Å—Å–∫–∞–∑–∞–ª –æ –∑–∞–≤–∏—Å–∏–º–æ—Å—Ç–∏ –µ–≤—Ä–æ–ø–µ–π—Å–∫–∏—Ö –ª–∏–¥–µ—Ä–æ–≤ –æ—Ç –¢—Ä–∞–º–ø–∞,https://lenta.ru/news/2025/09/27/lavrov-rasskazal-o-zavisimosti-evropeyskih-liderov-ot-trampa/,"Sat, 27 Sep 2025 21:26:00 +0300",86,1
Lenta.ru,–õ–∞–≤—Ä–æ–≤ —Ä–∞—Å—Å–∫–∞–∑–∞–ª –æ–± –æ—Ç–≤–µ—Ç–µ –û–û–ù –Ω–∞ –ø—Ä–æ—Å—å–±—É —Ä–∞—Å–∫—Ä—ã—Ç—å –∏–º–µ–Ω–∞ —è–∫–æ–±—ã –∂–µ—Ä—Ç–≤ –≤ –ë—É—á–µ,https://lenta.ru/news/2025/09/27/lavrov-raskryl-otvet-oon-na-prosbu-raskryt-imena-yakoby-zhertv-intsidenta-v-buche/,"Sat, 27 Sep 2025 21:21:00 +0300",87,1
Lenta.ru,–õ–∞–≤—Ä–æ–≤ –Ω–∞–∑–≤–∞–ª –ø—Ä–æ—è–≤–ª–µ–Ω–∏—è–º–∏ –ø—É–±–ª–∏—á–Ω–æ–π –¥–∏–ø–ª–æ–º–∞—Ç–∏–∏ —Å–ª–æ–≤–∞ –¢—Ä–∞–º–ø–∞ –æ –†–æ—Å—Å–∏–∏,https://lenta.ru/news/2025/09/27/lavrov-nazval-proyavleniyami-publichnoy-diplomatii-slova-trampa-o-rossii/,"Sat, 27 Sep 2025 21:13:00 +0300",88,0
Lenta.ru,¬´–ö—Ä–∞—Å–Ω–æ–¥–∞—Ä¬ª —Å—ã–≥—Ä–∞–ª –≤–Ω–∏—á—å—é —Å ¬´–†–æ—Å—Ç–æ–≤–æ–º¬ª –≤ –º–∞—Ç—á–µ –†–ü–õ,https://lenta.ru/news/2025/09/27/krasnodar-sygral-vnichyu-s-rostovom-v-matche-rpl/,"Sat, 27 Sep 2025 21:01:56 +0300",89,2
Lenta.ru,–ê–Ω–æ–Ω—Å–∏—Ä–æ–≤–∞–Ω–æ –ø–æ—Å–ª–µ–¥–Ω–µ–µ –∏–Ω—Ç–µ—Ä–≤—å—é –¢–∏–≥—Ä–∞–Ω–∞ –ö–µ–æ—Å–∞—è–Ω–∞,https://lenta.ru/news/2025/09/27/anonsirovano-poslednee-intervyu-tigrana-keosayana/,"Sat, 27 Sep 2025 21:00:00 +0300",90,2
Lenta.ru,–í–°–£ —É–¥–∞—Ä–∏–ª–∏ —Ä–∞–∫–µ—Ç–∞–º–∏ –ø–æ —Ä–æ—Å—Å–∏–π—Å–∫–æ–º—É —Ä–µ–≥–∏–æ–Ω—É,https://lenta.ru/news/2025/09/27/vsu-udarili-raketami-po-rossiyskomu-regionu/,"Sat, 27 Sep 2025 20:54:00 +0300",91,2
Lenta.ru,–≠—Ä–¥–æ–≥–∞–Ω –∑–∞—è–≤–∏–ª –æ –≤—ã—Å—Ç—É–ø–∞–≤—à–µ–º –ø–µ—Ä–µ–¥ –ø—É—Å—Ç—ã–º–∏ –∫—Ä–µ—Å–ª–∞–º–∏ –ù–µ—Ç–∞–Ω—å—è—Ö—É,https://lenta.ru/news/2025/09/27/erdogan-zayavil-o-vystupavshem-pered-pustymi-kreslami-netanyahu/,"Sat, 27 Sep 2025 20:49:00 +0300",92,2
Lenta.ru,–õ–∞–≤—Ä–æ–≤ –≤—ã—Å–∫–∞–∑–∞–ª—Å—è –æ–± –æ–±—Å—É–∂–¥–µ–Ω–∏–∏ –Ω–æ–≤—ã—Ö —É–¥–∞—Ä–æ–≤ –ø–æ –ò—Ä–∞–Ω—É,https://lenta.ru/news/2025/09/27/lavrov-vyskazalsya-ob-obsuzhdenii-novyh-udarov-po-iranu/,"Sat, 27 Sep 2025 20:48:00 +0300",93,0
Lenta.ru,–õ–∞–≤—Ä–æ–≤ –∑–∞—è–≤–∏–ª –æ —Ç—Ä–µ–≤–æ–≥–µ –†–æ—Å—Å–∏–∏ –∏–∑-–∑–∞ –∑–∞—è–≤–ª–µ–Ω–∏–π –æ —Ç—Ä–µ—Ç—å–µ–π –º–∏—Ä–æ–≤–æ–π –≤–æ–π–Ω–µ,https://lenta.ru/news/2025/09/27/lavrov-zayavil-o-trevoge-rossii-iz-za-zayavleniy-o-tretiey-mirovoy-voyne/,"Sat, 27 Sep 2025 20:47:00 +0300",94,0
Lenta.ru,–õ–∞–≤—Ä–æ–≤ –ø—Ä–µ–¥—É–ø—Ä–µ–¥–∏–ª –æ –ø–æ—Å–ª–µ–¥—Å—Ç–≤–∏—è—Ö —É–¥–∞—Ä–æ–≤ –∏–∑–≤–Ω–µ –ø–æ –æ–±—ä–µ–∫—Ç–∞–º –≤ –≤–æ–∑–¥—É—à–Ω–æ–º –ø—Ä–æ—Å—Ç—Ä–∞–Ω—Å—Ç–≤–µ –†–æ—Å—Å–∏–∏,https://lenta.ru/news/2025/09/27/lavrov-predupredil-o-posledstviyah-udarov-izvne-po-ob-ektam-v-vozdushnom-prostranstve-rossii/,"Sat, 27 Sep 2025 20:46:00 +0300",95,0
Lenta.ru,–ó–∞—Ö–∞—Ä–æ–≤–∞ —Ä–∞—Å—Å–∫–∞–∑–∞–ª–∞ –æ –∫–æ–Ω—Ñ—É–∑–µ –Ω–∞ –ì–µ–Ω–∞—Å—Å–∞–º–±–ª–µ–µ –û–û–ù,https://lenta.ru/news/2025/09/27/zaharova-rasskazala-o-konfuze-na-genassamblee-oon/,"Sat, 27 Sep 2025 20:42:00 +0300",96,3
Lenta.ru,–ü–æ –ª–∞–≥–µ—Ä—é –±—Ä–∏—Ç–∞–Ω—Å–∫–æ–≥–æ —Å–ø–µ—Ü–Ω–∞–∑–∞ –Ω–∞ –£–∫—Ä–∞–∏–Ω–µ –Ω–∞–Ω–µ—Å–ª–∏ —É–¥–∞—Ä,https://lenta.ru/news/2025/09/27/po-lageryu-britanskogo-spetsnaza-na-ukraine-nanesen-udar/,"Sat, 27 Sep 2025 20:37:00 +0300",97,2
Lenta.ru,–õ–∞–≤—Ä–æ–≤ –æ—Ç–≤–µ—Ç–∏–ª –Ω–∞ –≤–æ–ø—Ä–æ—Å –æ –≤–æ–∑–≤—Ä–∞—â–µ–Ω–∏–∏ –£–∫—Ä–∞–∏–Ω—ã –∫ –≥—Ä–∞–Ω–∏—Ü–∞–º 2022 –≥–æ–¥–∞,https://lenta.ru/news/2025/09/27/lavrov-otvetil-na-vopros-o-vozvraschenii-ukrainy-k-granitsam-2022-goda/,"Sat, 27 Sep 2025 20:33:00 +0300",98,0
∞–º 2022 –≥–æ–¥–∞,https://lenta.ru/news/2025/09/27/lavrov-otvetil-na-vopros-o-vozvraschenii-ukrainy-k-granitsam-2022-goda/,"Sat, 27 Sep 2025 20:33:00 +0300",98,1
